id,text,note
1,"I just got the internship offer! So excited and grateful for this opportunity!","Clear joy with exclamation"
2,"Your package delivery arrived three days late and the item inside was shattered. Fix this immediately.","Anger customer complaint"
3,"I feel so overwhelmed and empty since moving to this new city alone.","Sadness loneliness"
4,"There is a strange scraping sound coming from the basement and the power just shut off.","Fear panic"
5,"I can't believe we actually won the championship in the final ten seconds!","Surprise delight"
6,"The restaurant kitchen was covered in grease and pests were crawling across the counters.","Disgust revulsion"
7,"The annual shareholder meeting is scheduled for October 15th at the civic center.","Neutral factual"
8,"Oh brilliant, another software update that deletes half my settings. Just marvelous.","Sarcasm ironic praise anger"
9,"I mean, the movie was alright I guess, not really good or bad.","Uncertain mixed"
10,"Thank you so much for helping me study last night, I really appreciate your patience.","Joy gratitude"
